Designator,Val,Package,Mid X,Mid Y,Rotation,Layer
C1,330nF,C_0402_1005Metric,103.1915,-41.656,0.0,top
C10,330nF,C_0402_1005Metric,119.198,-51.816,0.0,top
C11,330nF,C_0402_1005Metric,119.198,-61.976,0.0,top
C12,330nF,C_0402_1005Metric,119.198,-72.136,0.0,top
C13,330nF,C_0402_1005Metric,127.198,-41.656,0.0,top
C14,330nF,C_0402_1005Metric,127.198,-51.816,0.0,top
C15,330nF,C_0402_1005Metric,127.198,-61.976,0.0,top
C16,330nF,C_0402_1005Metric,127.198,-72.136,0.0,top
C17,330nF,C_0402_1005Metric,135.198,-41.656,0.0,top
C18,330nF,C_0402_1005Metric,135.198,-51.816,0.0,top
C19,330nF,C_0402_1005Metric,135.198,-61.976,0.0,top
C2,330nF,C_0402_1005Metric,103.1915,-51.816,0.0,top
C20,330nF,C_0402_1005Metric,135.198,-72.136,0.0,top
C21,330nF,C_0402_1005Metric,143.198,-41.656,0.0,top
C22,330nF,C_0402_1005Metric,143.198,-51.816,0.0,top
C23,330nF,C_0402_1005Metric,143.198,-61.976,0.0,top
C24,330nF,C_0402_1005Metric,143.198,-72.136,0.0,top
C25,330nF,C_0402_1005Metric,151.198,-41.656,0.0,top
C26,330nF,C_0402_1005Metric,151.198,-51.816,0.0,top
C27,330nF,C_0402_1005Metric,151.198,-61.976,0.0,top
C28,330nF,C_0402_1005Metric,151.198,-72.136,0.0,top
C29,330nF,C_0402_1005Metric,159.198,-41.656,0.0,top
C3,330nF,C_0402_1005Metric,103.1915,-61.976,0.0,top
C30,330nF,C_0402_1005Metric,159.198,-51.816,0.0,top
C31,330nF,C_0402_1005Metric,159.198,-61.976,0.0,top
C32,330nF,C_0402_1005Metric,159.198,-72.136,0.0,top
C33,330nF,C_0402_1005Metric,94.996,-41.656,0.0,top
C34,330nF,C_0402_1005Metric,94.996,-51.816,0.0,top
C35,330nF,C_0402_1005Metric,94.996,-61.976,0.0,top
C4,330nF,C_0402_1005Metric,103.1915,-72.136,0.0,top
C40,330nF,C_0402_1005Metric,159.258,-94.106,0.0,top
C41,330nF,C_0402_1005Metric,103.258,-94.106,0.0,top
C42,330nF,C_0402_1005Metric,111.258,-94.106,0.0,top
C43,330nF,C_0402_1005Metric,119.258,-94.106,0.0,top
C44,330nF,C_0402_1005Metric,127.258,-94.106,0.0,top
C45,330nF,C_0402_1005Metric,135.258,-94.106,0.0,top
C46,330nF,C_0402_1005Metric,143.258,-94.106,0.0,top
C47,330nF,C_0402_1005Metric,151.258,-94.106,0.0,top
C5,330nF,C_0402_1005Metric,111.198,-41.656,0.0,top
C50,330nF,C_0402_1005Metric,159.258,-104.266,0.0,top
C51,330nF,C_0402_1005Metric,103.258,-104.266,0.0,top
C52,330nF,C_0402_1005Metric,111.258,-104.266,0.0,top
C53,330nF,C_0402_1005Metric,119.258,-104.266,0.0,top
C54,330nF,C_0402_1005Metric,127.258,-104.266,0.0,top
C55,330nF,C_0402_1005Metric,135.258,-104.266,0.0,top
C56,330nF,C_0402_1005Metric,143.258,-104.266,0.0,top
C57,330nF,C_0402_1005Metric,151.258,-104.266,0.0,top
C58,330nF,C_0402_1005Metric,107.0,-104.26,180.0,top
C59,330nF,C_0402_1005Metric,115.0,-104.26,180.0,top
C6,330nF,C_0402_1005Metric,111.198,-51.816,0.0,top
C60,330nF,C_0402_1005Metric,123.0,-104.26,180.0,top
C61,330nF,C_0402_1005Metric,139.0,-104.26,180.0,top
C62,330nF,C_0402_1005Metric,147.0,-104.26,180.0,top
C63,330nF,C_0402_1005Metric,154.9,-104.26,180.0,top
C64,330nF,C_0402_1005Metric,111.0895,-137.301,0.0,top
C65,330nF,C_0402_1005Metric,119.1484,-137.301,0.0,top
C66,330nF,C_0402_1005Metric,127.2073,-137.301,0.0,top
C67,330nF,C_0402_1005Metric,151.384,-137.2834,0.0,top
C68,330nF,C_0402_1005Metric,151.384,-148.7134,0.0,top
C69,330nF,C_0402_1005Metric,143.3251,-137.2834,0.0,top
C7,330nF,C_0402_1005Metric,111.198,-61.976,0.0,top
C70,330nF,C_0402_1005Metric,143.3251,-148.7134,0.0,top
C71,330nF,C_0402_1005Metric,159.4429,-137.2834,0.0,top
C72,330nF,C_0402_1005Metric,135.2662,-148.731,0.0,top
C73,330nF,C_0402_1005Metric,135.2662,-137.301,0.0,top
C77,330nF,C_0402_1005Metric,46.826,-149.987,0.0,top
C78,330nF,C_0402_1005Metric,127.2073,-148.731,0.0,top
C79,330nF,C_0402_1005Metric,119.1484,-148.731,0.0,top
C8,330nF,C_0402_1005Metric,111.198,-72.136,0.0,top
C80,330nF,C_0402_1005Metric,111.0895,-148.731,0.0,top
C81,330nF,C_0402_1005Metric,159.4429,-148.7134,0.0,top
C82,330nF,C_0402_1005Metric,38.927,-139.827,0.0,top
C83,330nF,C_0402_1005Metric,46.674,-139.827,0.0,top
C84,330nF,C_0402_1005Metric,54.421,-139.827,0.0,top
C85,330nF,C_0402_1005Metric,38.927,-149.987,0.0,top
C9,330nF,C_0402_1005Metric,119.198,-41.656,0.0,top
C90,330nF,C_0402_1005Metric,47.023,-34.011,-90.0,top
C91,330nF,C_0402_1005Metric,74.614,-150.241,0.0,top
C92,330nF,C_0402_1005Metric,103.3455,-136.031,0.0,top
C93,330nF,C_0402_1005Metric,66.867,-150.241,0.0,top
C94,330nF,C_0402_1005Metric,66.864,-138.811,0.0,top
C95,330nF,C_0402_1005Metric,74.738,-138.811,0.0,top
D137,LED,LED_0402_1005Metric,58.928,-95.183595,180.0,top
D138,LED,LED_0402_1005Metric,62.484,-95.183595,180.0,top
D139,LED,LED_0402_1005Metric,66.063,-95.183595,180.0,top
D140,LED,LED_0402_1005Metric,69.596,-95.183595,180.0,top
D141,LED,LED_0402_1005Metric,73.152,-95.183595,180.0,top
D142,LED,LED_0402_1005Metric,76.325,-55.257,90.0,top
D143,LED,LED_0402_1005Metric,76.325,-58.813,90.0,top
D144,LED,LED_0402_1005Metric,56.9775,-119.7585,90.0,top
D145,LED,LED_0402_1005Metric,48.686,-67.45,180.0,top
D146,LED,LED_0402_1005Metric,52.242,-67.45,180.0,top
D147,LED,LED_0402_1005Metric,55.798,-67.45,180.0,top
D148,LED,LED_0402_1005Metric,59.354,-67.45,180.0,top
D149,LED,LED_0402_1005Metric,62.91,-67.45,180.0,top
D150,LED,LED_0402_1005Metric,75.677,-112.534,90.0,top
D30,LED,LED_0402_1005Metric,49.149,-40.742,180.0,top
D31,LED,LED_0402_1005Metric,52.705,-40.742,180.0,top
D32,LED,LED_0402_1005Metric,56.261,-40.742,180.0,top
D33,LED,LED_0402_1005Metric,56.9775,-112.6465,90.0,top
D34,LED,LED_0402_1005Metric,56.9775,-116.2025,90.0,top
D35,LED,LED_0402_1005Metric,73.152,-81.484845,180.0,top
D36,LED,LED_0402_1005Metric,69.596,-81.484845,180.0,top
D37,LED,LED_0402_1005Metric,66.04,-81.484845,180.0,top
D38,LED,LED_0402_1005Metric,62.484,-81.484845,180.0,top
D39,LED,LED_0402_1005Metric,58.905,-81.484845,180.0,top
D40,LED,LED_0402_1005Metric,55.372,-81.482845,180.0,top
D41,LED,LED_0402_1005Metric,51.816,-81.484845,180.0,top
D42,LED,LED_0402_1005Metric,48.26,-81.486845,180.0,top
D43,LED,LED_0402_1005Metric,48.26,-95.183595,180.0,top
D44,LED,LED_0402_1005Metric,51.816,-95.183595,180.0,top
D45,LED,LED_0402_1005Metric,55.395,-95.183595,180.0,top
D46,LED,LED_0402_1005Metric,66.466,-67.45,180.0,top
D47,LED,LED_0402_1005Metric,70.022,-67.45,180.0,top
D48,LED,LED_0402_1005Metric,73.578,-67.45,180.0,top
D49,LED,LED_0402_1005Metric,75.677,-116.09,90.0,top
D50,LED,LED_0402_1005Metric,75.677,-119.646,90.0,top
D51,LED,LED_0402_1005Metric,75.677,-123.202,90.0,top
D63,LED,LED_0402_1005Metric,76.325,-33.898,90.0,top
D89,LED,LED_0402_1005Metric,76.325,-37.477,90.0,top
D90,LED,LED_0402_1005Metric,76.325,-41.033,90.0,top
D91,LED,LED_0402_1005Metric,76.325,-44.589,90.0,top
D92,LED,LED_0402_1005Metric,76.325,-48.145,90.0,top
D93,LED,LED_0402_1005Metric,76.325,-51.701,90.0,top
Q100,IRLML6402,SOT-23,62.484,-90.120845,-90.0,top
Q101,IRLML6244,SOT-23,58.928,-86.056845,90.0,top
Q102,IRLML6402,SOT-23,58.928,-90.120845,-90.0,top
Q103,IRLML6244,SOT-23,55.372,-86.056845,90.0,top
Q104,IRLML6402,SOT-23,55.372,-90.120845,-90.0,top
Q105,IRLML6244,SOT-23,51.816,-86.056845,90.0,top
Q106,IRLML6402,SOT-23,51.816,-90.120845,-90.0,top
Q107,IRLML6244,SOT-23,48.26,-86.056845,90.0,top
Q108,IRLML6402,SOT-23,48.26,-90.120845,-90.0,top
Q109,IRLML6244,SOT-23,73.152,-99.834095,90.0,top
Q110,IRLML6402,SOT-23,73.152,-103.898095,-90.0,top
Q111,IRLML6244,SOT-23,69.596,-99.834095,90.0,top
Q112,IRLML6402,SOT-23,69.596,-103.898095,-90.0,top
Q113,IRLML6244,SOT-23,66.04,-99.834095,90.0,top
Q114,IRLML6402,SOT-23,66.04,-103.898095,-90.0,top
Q115,IRLML6244,SOT-23,62.484,-99.834095,90.0,top
Q116,IRLML6402,SOT-23,62.484,-103.898095,-90.0,top
Q117,IRLML6244,SOT-23,58.928,-99.834095,90.0,top
Q118,IRLML6402,SOT-23,58.928,-103.898095,-90.0,top
Q119,IRLML6244,SOT-23,55.372,-99.834095,90.0,top
Q120,IRLML6402,SOT-23,55.372,-103.898095,-90.0,top
Q121,IRLML6244,SOT-23,51.816,-99.834095,90.0,top
Q122,IRLML6402,SOT-23,51.816,-103.898095,-90.0,top
Q123,IRLML6244,SOT-23,48.26,-99.834095,90.0,top
Q124,IRLML6402,SOT-23,48.26,-103.898095,-90.0,top
Q125,IRLML6244,SOT-23,52.4055,-112.6465,0.0,top
Q126,IRLML6402,SOT-23,48.3415,-112.6465,180.0,top
Q127,IRLML6244,SOT-23,52.4055,-116.2025,0.0,top
Q128,IRLML6402,SOT-23,48.3415,-116.2025,180.0,top
Q129,IRLML6244,SOT-23,49.149,-45.314,90.0,top
Q130,IRLML6402,SOT-23,49.149,-49.378,-90.0,top
Q131,IRLML6244,SOT-23,52.705,-45.314,90.0,top
Q132,IRLML6402,SOT-23,52.705,-49.378,-90.0,top
Q133,IRLML6244,SOT-23,56.261,-45.314,90.0,top
Q134,IRLML6402,SOT-23,56.261,-49.378,-90.0,top
Q135,IRLML6244,SOT-23,71.6745,-33.921,0.0,top
Q136,IRLML6402,SOT-23,67.6105,-33.921,180.0,top
Q137,IRLML6244,SOT-23,71.6745,-37.477,0.0,top
Q138,IRLML6402,SOT-23,67.6105,-37.477,180.0,top
Q139,IRLML6244,SOT-23,71.6745,-41.033,0.0,top
Q140,IRLML6402,SOT-23,67.6105,-41.033,180.0,top
Q141,IRLML6244,SOT-23,71.6745,-44.589,0.0,top
Q142,IRLML6402,SOT-23,67.6105,-44.589,180.0,top
Q143,IRLML6244,SOT-23,71.6745,-48.145,0.0,top
Q144,IRLML6402,SOT-23,67.6105,-48.145,180.0,top
Q145,IRLML6244,SOT-23,71.6745,-51.701,0.0,top
Q146,IRLML6402,SOT-23,67.6105,-51.701,180.0,top
Q147,IRLML6244,SOT-23,71.6745,-55.257,0.0,top
Q148,IRLML6402,SOT-23,67.6105,-55.257,180.0,top
Q149,IRLML6244,SOT-23,71.6745,-58.813,0.0,top
Q150,IRLML6402,SOT-23,67.6105,-58.813,180.0,top
Q151,IRLML6244,SOT-23,52.4055,-119.7585,0.0,top
Q152,IRLML6402,SOT-23,48.3415,-119.7585,180.0,top
Q153,IRLML6244,SOT-23,48.686,-72.022,90.0,top
Q154,IRLML6402,SOT-23,48.686,-76.086,-90.0,top
Q155,IRLML6244,SOT-23,52.242,-72.022,90.0,top
Q156,IRLML6402,SOT-23,52.242,-76.086,-90.0,top
Q157,IRLML6244,SOT-23,55.798,-72.022,90.0,top
Q158,IRLML6402,SOT-23,55.798,-76.086,-90.0,top
Q159,IRLML6244,SOT-23,59.354,-72.022,90.0,top
Q160,IRLML6402,SOT-23,59.354,-76.086,-90.0,top
Q161,IRLML6244,SOT-23,62.91,-72.022,90.0,top
Q162,IRLML6402,SOT-23,62.91,-76.086,-90.0,top
Q163,IRLML6244,SOT-23,66.466,-72.022,90.0,top
Q164,IRLML6402,SOT-23,66.466,-76.086,-90.0,top
Q165,IRLML6244,SOT-23,70.022,-72.022,90.0,top
Q166,IRLML6402,SOT-23,70.022,-76.086,-90.0,top
Q167,IRLML6244,SOT-23,73.578,-72.022,90.0,top
Q168,IRLML6402,SOT-23,73.578,-76.086,-90.0,top
Q169,IRLML6244,SOT-23,71.105,-112.534,0.0,top
Q170,IRLML6402,SOT-23,67.041,-112.534,180.0,top
Q171,IRLML6244,SOT-23,71.105,-116.09,0.0,top
Q172,IRLML6402,SOT-23,67.041,-116.09,180.0,top
Q173,IRLML6244,SOT-23,71.105,-119.646,0.0,top
Q174,IRLML6402,SOT-23,67.041,-119.646,180.0,top
Q175,IRLML6244,SOT-23,71.105,-123.202,0.0,top
Q176,IRLML6402,SOT-23,67.041,-123.202,180.0,top
Q93,IRLML6402,SOT-23,73.152,-90.120845,-90.0,top
Q94,IRLML6244,SOT-23,73.152,-86.056845,90.0,top
Q95,IRLML6244,SOT-23,69.596,-86.056845,90.0,top
Q96,IRLML6402,SOT-23,69.596,-90.120845,-90.0,top
Q97,IRLML6244,SOT-23,66.04,-86.056845,90.0,top
Q98,IRLML6402,SOT-23,66.04,-90.120845,-90.0,top
Q99,IRLML6244,SOT-23,62.484,-86.056845,90.0,top
R1,10K,R_0402_1005Metric,72.136,-83.008845,90.0,top
R10,10K,R_0402_1005Metric,51.689,-42.266,90.0,top
R107,1000,R_0402_1005Metric,73.152,-83.008845,90.0,top
R108,1000,R_0402_1005Metric,69.596,-83.008845,90.0,top
R109,1000,R_0402_1005Metric,74.801,-33.921,0.0,top
R11,10K,R_0402_1005Metric,55.245,-42.266,90.0,top
R110,1000,R_0402_1005Metric,66.04,-83.008845,90.0,top
R111,1000,R_0402_1005Metric,74.801,-37.477,0.0,top
R112,1000,R_0402_1005Metric,62.484,-83.008845,90.0,top
R113,1000,R_0402_1005Metric,74.801,-41.033,0.0,top
R114,1000,R_0402_1005Metric,58.928,-83.008845,90.0,top
R115,1000,R_0402_1005Metric,74.801,-44.589,0.0,top
R116,1000,R_0402_1005Metric,55.372,-83.006845,90.0,top
R117,1000,R_0402_1005Metric,74.801,-48.145,0.0,top
R118,1000,R_0402_1005Metric,51.816,-83.008845,90.0,top
R119,1000,R_0402_1005Metric,74.801,-51.701,0.0,top
R12,10K,R_0402_1005Metric,55.4535,-111.6305,0.0,top
R120,1000,R_0402_1005Metric,48.26,-83.008845,90.0,top
R121,1000,R_0402_1005Metric,74.801,-55.257,0.0,top
R122,1000,R_0402_1005Metric,73.152,-96.707595,90.0,top
R123,1000,R_0402_1005Metric,74.801,-58.813,0.0,top
R124,1000,R_0402_1005Metric,69.596,-96.707595,90.0,top
R125,1000,R_0402_1005Metric,48.686,-68.974,90.0,top
R126,1000,R_0402_1005Metric,66.038,-96.707595,90.0,top
R127,1000,R_0402_1005Metric,52.242,-68.974,90.0,top
R128,1000,R_0402_1005Metric,62.484,-96.707595,90.0,top
R129,1000,R_0402_1005Metric,55.798,-68.974,90.0,top
R13,10K,R_0402_1005Metric,55.4555,-115.1865,0.0,top
R130,1000,R_0402_1005Metric,58.928,-96.707595,90.0,top
R131,1000,R_0402_1005Metric,59.354,-68.974,90.0,top
R132,1000,R_0402_1005Metric,55.372,-96.707595,90.0,top
R133,1000,R_0402_1005Metric,62.91,-68.974,90.0,top
R134,1000,R_0402_1005Metric,51.816,-96.707595,90.0,top
R135,1000,R_0402_1005Metric,66.466,-68.974,90.0,top
R136,1000,R_0402_1005Metric,48.26,-96.707595,90.0,top
R137,1000,R_0402_1005Metric,70.022,-68.974,90.0,top
R138,1000,R_0402_1005Metric,55.4535,-112.6465,0.0,top
R139,1000,R_0402_1005Metric,73.578,-68.974,90.0,top
R14,10K,R_0402_1005Metric,47.244,-96.707595,90.0,top
R140,1000,R_0402_1005Metric,55.4535,-116.2025,0.0,top
R141,1000,R_0402_1005Metric,55.4535,-119.7585,0.0,top
R142,1000,R_0402_1005Metric,49.149,-42.266,90.0,top
R143,1000,R_0402_1005Metric,50.165,-42.266,90.0,top
R144,1000,R_0402_1005Metric,52.705,-42.266,90.0,top
R145,1000,R_0402_1005Metric,53.721,-42.266,90.0,top
R146,1000,R_0402_1005Metric,56.261,-42.266,90.0,top
R147,1000,R_0402_1005Metric,57.277,-42.266,90.0,top
R148,1000,R_0402_1005Metric,55.4535,-113.6625,0.0,top
R149,1000,R_0402_1005Metric,55.4535,-117.2185,0.0,top
R15,10K,R_0402_1005Metric,50.8,-96.707595,90.0,top
R150,1000,R_0402_1005Metric,74.168,-83.008845,90.0,top
R151,1000,R_0402_1005Metric,70.612,-83.008845,90.0,top
R152,1000,R_0402_1005Metric,67.056,-83.008845,90.0,top
R153,1000,R_0402_1005Metric,63.5,-83.008845,90.0,top
R154,1000,R_0402_1005Metric,59.944,-83.008845,90.0,top
R155,1000,R_0402_1005Metric,56.388,-83.006845,90.0,top
R156,1000,R_0402_1005Metric,52.832,-83.008845,90.0,top
R157,1000,R_0402_1005Metric,49.276,-83.008845,90.0,top
R158,1000,R_0402_1005Metric,49.276,-96.707595,90.0,top
R159,1000,R_0402_1005Metric,52.832,-96.707595,90.0,top
R16,10K,R_0402_1005Metric,54.356,-96.707595,90.0,top
R160,1000,R_0402_1005Metric,56.388,-96.707595,90.0,top
R161,1000,R_0402_1005Metric,59.944,-96.707595,90.0,top
R162,1000,R_0402_1005Metric,63.5,-96.707595,90.0,top
R163,1000,R_0402_1005Metric,67.056,-96.707595,90.0,top
R164,1000,R_0402_1005Metric,70.612,-96.707595,90.0,top
R165,1000,R_0402_1005Metric,74.168,-96.707595,90.0,top
R166,1000,R_0402_1005Metric,74.801,-34.937,0.0,top
R167,1000,R_0402_1005Metric,74.801,-38.493,0.0,top
R168,1000,R_0402_1005Metric,74.801,-42.049,0.0,top
R169,1000,R_0402_1005Metric,74.801,-45.605,0.0,top
R17,10K,R_0402_1005Metric,57.912,-96.707595,90.0,top
R170,1000,R_0402_1005Metric,74.801,-49.161,0.0,top
R171,1000,R_0402_1005Metric,74.801,-52.717,0.0,top
R172,1000,R_0402_1005Metric,74.801,-56.273,0.0,top
R173,1000,R_0402_1005Metric,74.801,-59.829,0.0,top
R174,1000,R_0402_1005Metric,55.4535,-120.7745,0.0,top
R175,1000,R_0402_1005Metric,49.702,-68.974,90.0,top
R176,1000,R_0402_1005Metric,53.258,-68.974,90.0,top
R177,1000,R_0402_1005Metric,56.814,-68.974,90.0,top
R178,1000,R_0402_1005Metric,60.37,-68.974,90.0,top
R179,1000,R_0402_1005Metric,63.926,-68.974,90.0,top
R18,10K,R_0402_1005Metric,61.468,-96.707595,90.0,top
R180,1000,R_0402_1005Metric,67.482,-68.974,90.0,top
R181,1000,R_0402_1005Metric,71.038,-68.974,90.0,top
R182,1000,R_0402_1005Metric,74.594,-68.974,90.0,top
R183,1000,R_0402_1005Metric,64.389,-56.642,90.0,top
R184,1000,R_0402_1005Metric,74.151,-112.534,0.0,top
R185,1000,R_0402_1005Metric,74.155,-113.55,0.0,top
R186,1000,R_0402_1005Metric,74.153,-116.09,0.0,top
R187,1000,R_0402_1005Metric,74.153,-117.106,0.0,top
R188,1000,R_0402_1005Metric,74.153,-119.646,0.0,top
R189,1000,R_0402_1005Metric,74.153,-120.662,0.0,top
R19,10K,R_0402_1005Metric,65.024,-96.707595,90.0,top
R190,1000,R_0402_1005Metric,74.153,-123.202,0.0,top
R191,1000,R_0402_1005Metric,74.153,-124.218,0.0,top
R2,10K,R_0402_1005Metric,65.024,-83.008845,90.0,top
R20,10K,R_0402_1005Metric,68.58,-96.707595,90.0,top
R21,10K,R_0402_1005Metric,72.136,-96.707595,90.0,top
R3,10K,R_0402_1005Metric,68.58,-83.008845,90.0,top
R4,10K,R_0402_1005Metric,61.468,-83.008845,90.0,top
R5,10K,R_0402_1005Metric,57.912,-83.008845,90.0,top
R6,10K,R_0402_1005Metric,54.356,-83.008845,90.0,top
R7,10K,R_0402_1005Metric,50.8,-83.008845,90.0,top
R8,10K,R_0402_1005Metric,47.244,-83.008845,90.0,top
R9,10K,R_0402_1005Metric,48.133,-42.266,90.0,top
U1,74HC00,SOIC-14_3.9x8.7mm_P1.27mm,105.0915,-46.736,180.0,top
U10,74HC00,SOIC-14_3.9x8.7mm_P1.27mm,121.098,-56.896,180.0,top
U11,74HC00,SOIC-14_3.9x8.7mm_P1.27mm,121.098,-67.056,180.0,top
U12,74HC00,SOIC-14_3.9x8.7mm_P1.27mm,121.098,-36.576,180.0,top
U13,74HC00,SOIC-14_3.9x8.7mm_P1.27mm,129.098,-46.736,180.0,top
U14,74HC00,SOIC-14_3.9x8.7mm_P1.27mm,129.098,-56.896,180.0,top
U15,74HC00,SOIC-14_3.9x8.7mm_P1.27mm,129.098,-67.056,180.0,top
U16,74HC00,SOIC-14_3.9x8.7mm_P1.27mm,129.098,-36.576,180.0,top
U17,74HC00,SOIC-14_3.9x8.7mm_P1.27mm,137.098,-46.736,180.0,top
U18,74HC00,SOIC-14_3.9x8.7mm_P1.27mm,137.098,-56.896,180.0,top
U19,74HC00,SOIC-14_3.9x8.7mm_P1.27mm,137.098,-67.056,180.0,top
U2,74HC00,SOIC-14_3.9x8.7mm_P1.27mm,105.0915,-56.896,180.0,top
U20,74HC00,SOIC-14_3.9x8.7mm_P1.27mm,137.098,-36.576,180.0,top
U21,74HC00,SOIC-14_3.9x8.7mm_P1.27mm,145.098,-46.736,180.0,top
U22,74HC00,SOIC-14_3.9x8.7mm_P1.27mm,145.098,-56.896,180.0,top
U23,74HC00,SOIC-14_3.9x8.7mm_P1.27mm,145.098,-67.056,180.0,top
U24,74HC00,SOIC-14_3.9x8.7mm_P1.27mm,145.098,-36.576,180.0,top
U25,74HC00,SOIC-14_3.9x8.7mm_P1.27mm,153.098,-46.736,180.0,top
U26,74HC00,SOIC-14_3.9x8.7mm_P1.27mm,153.098,-56.896,180.0,top
U27,74HC00,SOIC-14_3.9x8.7mm_P1.27mm,153.098,-67.056,180.0,top
U28,74HC00,SOIC-14_3.9x8.7mm_P1.27mm,153.098,-36.576,180.0,top
U29,74HC00,SOIC-14_3.9x8.7mm_P1.27mm,161.098,-46.736,180.0,top
U3,74HC00,SOIC-14_3.9x8.7mm_P1.27mm,105.0915,-67.056,180.0,top
U30,74HC00,SOIC-14_3.9x8.7mm_P1.27mm,161.098,-56.896,180.0,top
U31,74HC00,SOIC-14_3.9x8.7mm_P1.27mm,161.098,-67.056,180.0,top
U32,74HC00,SOIC-14_3.9x8.7mm_P1.27mm,161.098,-36.576,180.0,top
U33,74HC00,SOIC-14_3.9x8.7mm_P1.27mm,96.963,-36.576,180.0,top
U34,74HC00,SOIC-14_3.9x8.7mm_P1.27mm,97.028,-46.736,180.0,top
U35,74HC00,SOIC-14_3.9x8.7mm_P1.27mm,97.028,-56.896,180.0,top
U36,74HC00,SOIC-14_3.9x8.7mm_P1.27mm,105.101,-89.026,180.0,top
U37,74HC00,SOIC-14_3.9x8.7mm_P1.27mm,113.101,-89.026,180.0,top
U38,74HC00,SOIC-14_3.9x8.7mm_P1.27mm,121.101,-89.026,180.0,top
U39,74HC00,SOIC-14_3.9x8.7mm_P1.27mm,129.101,-89.026,180.0,top
U4,74HC00,SOIC-14_3.9x8.7mm_P1.27mm,105.0915,-36.576,180.0,top
U40,74HC00,SOIC-14_3.9x8.7mm_P1.27mm,137.101,-89.026,180.0,top
U41,74HC00,SOIC-14_3.9x8.7mm_P1.27mm,153.101,-89.026,180.0,top
U42,74LS157,SOIC-16_3.9x9.9mm_P1.27mm,105.101,-109.935,0.0,top
U43,74LS157,SOIC-16_3.9x9.9mm_P1.27mm,121.101,-109.935,0.0,top
U44,74HC00,SOIC-14_3.9x8.7mm_P1.27mm,105.101,-99.186,180.0,top
U45,74HC00,SOIC-14_3.9x8.7mm_P1.27mm,113.101,-99.186,180.0,top
U46,74HC00,SOIC-14_3.9x8.7mm_P1.27mm,121.101,-99.186,180.0,top
U47,74HC00,SOIC-14_3.9x8.7mm_P1.27mm,129.101,-99.186,180.0,top
U48,74HC00,SOIC-14_3.9x8.7mm_P1.27mm,137.101,-99.186,180.0,top
U49,74HC00,SOIC-14_3.9x8.7mm_P1.27mm,153.101,-99.186,180.0,top
U5,74HC00,SOIC-14_3.9x8.7mm_P1.27mm,113.098,-46.736,180.0,top
U50,74LS157,SOIC-16_3.9x9.9mm_P1.27mm,113.101,-109.935,0.0,top
U51,74LS157,SOIC-16_3.9x9.9mm_P1.27mm,137.101,-109.935,0.0,top
U52,74LS157,SOIC-16_3.9x9.9mm_P1.27mm,145.101,-109.935,0.0,top
U53,74LS157,SOIC-16_3.9x9.9mm_P1.27mm,153.101,-109.935,0.0,top
U54,74LS157,SOIC-16_3.9x9.9mm_P1.27mm,112.9975,-131.586,180.0,top
U55,74LS157,SOIC-16_3.9x9.9mm_P1.27mm,112.9975,-143.016,180.0,top
U56,74HC00,SOIC-14_3.9x8.7mm_P1.27mm,145.101,-89.026,180.0,top
U57,74HC00,SOIC-14_3.9x8.7mm_P1.27mm,161.101,-89.026,180.0,top
U58,74LS157,SOIC-16_3.9x9.9mm_P1.27mm,121.009333,-131.586,180.0,top
U59,74LS157,SOIC-16_3.9x9.9mm_P1.27mm,121.009333,-143.016,180.0,top
U6,74HC00,SOIC-14_3.9x8.7mm_P1.27mm,113.098,-56.896,180.0,top
U60,74LS157,SOIC-16_3.9x9.9mm_P1.27mm,129.021167,-131.586,180.0,top
U61,74LS157,SOIC-16_3.9x9.9mm_P1.27mm,129.021167,-143.016,180.0,top
U62,74LS157,SOIC-16_3.9x9.9mm_P1.27mm,145.044833,-131.586,180.0,top
U63,74LS157,SOIC-16_3.9x9.9mm_P1.27mm,145.044833,-143.016,180.0,top
U64,74HC00,SOIC-14_3.9x8.7mm_P1.27mm,145.101,-99.186,180.0,top
U65,74HC00,SOIC-14_3.9x8.7mm_P1.27mm,161.101,-99.186,180.0,top
U66,74LS157,SOIC-16_3.9x9.9mm_P1.27mm,153.056667,-131.586,180.0,top
U67,74LS157,SOIC-16_3.9x9.9mm_P1.27mm,153.056667,-143.016,180.0,top
U68,74HCT238,SOIC-16_3.9x9.9mm_P1.27mm,52.705,-36.17,90.0,top
U7,74HC00,SOIC-14_3.9x8.7mm_P1.27mm,113.098,-67.056,180.0,top
U71,74LS157,SOIC-16_3.9x9.9mm_P1.27mm,161.0685,-131.586,180.0,top
U72,74HC00,SOIC-14_3.9x8.7mm_P1.27mm,40.77,-134.747,180.0,top
U73,74HC00,SOIC-14_3.9x8.7mm_P1.27mm,48.579,-134.747,180.0,top
U74,74HC00,SOIC-14_3.9x8.7mm_P1.27mm,56.326,-134.747,180.0,top
U75,74HC00,SOIC-14_3.9x8.7mm_P1.27mm,40.832,-144.907,180.0,top
U8,74HC00,SOIC-14_3.9x8.7mm_P1.27mm,113.098,-36.576,180.0,top
U83,74HC00,SOIC-14_3.9x8.7mm_P1.27mm,48.641,-144.907,180.0,top
U84,74LS157,SOIC-16_3.9x9.9mm_P1.27mm,161.0685,-143.016,180.0,top
U85,74LS157,SOIC-16_3.9x9.9mm_P1.27mm,137.033,-143.016,180.0,top
U86,74LS157,SOIC-16_3.9x9.9mm_P1.27mm,137.033,-131.586,180.0,top
U87,74HC00,SOIC-14_3.9x8.7mm_P1.27mm,105.0585,-130.951,180.0,top
U88,74LS157,SOIC-16_3.9x9.9mm_P1.27mm,68.772,-144.526,180.0,top
U89,74LS157,SOIC-16_3.9x9.9mm_P1.27mm,76.519,-144.526,180.0,top
U9,74HC00,SOIC-14_3.9x8.7mm_P1.27mm,121.098,-46.736,180.0,top
U90,74LS157,SOIC-16_3.9x9.9mm_P1.27mm,76.522,-133.096,180.0,top
U91,74LS157,SOIC-16_3.9x9.9mm_P1.27mm,68.769,-133.096,180.0,top
