Designator,Mid X,Mid Y,Rotation,Layer
C1,125.312716,-83.82,0.0,top
C10,143.702,-96.52,0.0,top
C11,143.702,-109.22,0.0,top
C12,143.702,-121.92,0.0,top
C13,152.896642,-83.82,0.0,top
C14,152.896642,-96.52,0.0,top
C15,152.896642,-109.22,0.0,top
C16,152.896642,-121.92,0.0,top
C17,162.091284,-83.82,0.0,top
C18,162.091284,-96.52,0.0,top
C19,162.091284,-109.22,0.0,top
C2,125.312716,-96.52,0.0,top
C20,162.091284,-121.92,0.0,top
C21,171.285926,-83.82,0.0,top
C22,171.285926,-96.52,0.0,top
C23,171.285926,-109.22,0.0,top
C24,171.285926,-121.92,0.0,top
C25,180.480568,-83.82,0.0,top
C26,180.480568,-96.52,0.0,top
C27,180.480568,-109.22,0.0,top
C28,180.480568,-121.92,0.0,top
C29,189.675216,-83.82,0.0,top
C3,125.312716,-109.22,0.0,top
C30,189.675216,-96.52,0.0,top
C31,189.675216,-109.22,0.0,top
C32,189.675216,-121.92,0.0,top
C33,116.078,-96.52,0.0,top
C34,116.078,-109.22,0.0,top
C35,116.078,-121.92,0.0,top
C36,118.244,-82.79,90.0,top
C37,114.942,-82.804,90.0,top
C38,116.586,-82.804,90.0,top
C4,125.312716,-121.92,0.0,top
C5,134.507358,-83.82,0.0,top
C6,134.507358,-96.52,0.0,top
C7,134.507358,-109.22,0.0,top
C8,134.507358,-121.92,0.0,top
C9,143.702,-83.82,0.0,top
D1,164.082287,-131.366,180.0,top
D10,122.980574,-66.052,180.0,top
D11,126.609145,-66.052,180.0,top
D12,130.237716,-66.052,180.0,top
D13,133.866287,-66.052,180.0,top
D14,137.494858,-66.052,180.0,top
D15,141.123429,-66.052,180.0,top
D16,144.752003,-66.052,180.0,top
D17,163.896003,-66.052,180.0,top
D18,167.524574,-66.052,180.0,top
D19,171.153145,-66.052,180.0,top
D2,167.712042,-131.366,180.0,top
D20,174.781716,-66.052,180.0,top
D21,178.410287,-66.052,180.0,top
D22,182.038858,-66.052,180.0,top
D23,185.667429,-66.052,180.0,top
D24,189.296003,-66.052,180.0,top
D25,128.23625,-131.366,180.0,top
D26,116.272571,-131.366,180.0,top
D27,140.199929,-131.366,180.0,top
D28,152.163608,-131.366,180.0,top
D29,104.521,-131.445,180.0,top
D3,171.341797,-131.366,180.0,top
D4,174.971552,-131.366,180.0,top
D5,178.601307,-131.366,180.0,top
D6,182.231062,-131.366,180.0,top
D7,185.860817,-131.366,180.0,top
D8,189.490574,-131.366,180.0,top
D9,119.352003,-66.052,180.0,top
J1,101.919,-96.901,180.0,top
Q1,164.090574,-127.786,270.0,top
Q10,122.980574,-62.472,270.0,top
Q11,126.609145,-62.472,270.0,top
Q12,130.237716,-62.472,270.0,top
Q13,133.866287,-62.472,270.0,top
Q14,137.494858,-62.472,270.0,top
Q15,141.123429,-62.472,270.0,top
Q16,144.752,-62.472,270.0,top
Q17,163.896003,-62.472,270.0,top
Q18,167.524574,-62.472,270.0,top
Q19,171.153145,-62.472,270.0,top
Q2,167.719145,-127.786,270.0,top
Q20,174.781716,-62.472,270.0,top
Q21,178.410287,-62.472,270.0,top
Q22,182.038858,-62.472,270.0,top
Q23,185.667429,-62.472,270.0,top
Q24,189.296003,-62.472,270.0,top
Q25,128.227071,-127.786,270.0,top
Q26,116.272571,-127.786,270.0,top
Q27,140.181571,-127.786,270.0,top
Q28,152.136071,-127.786,270.0,top
Q3,171.347716,-127.786,270.0,top
Q4,174.976287,-127.786,270.0,top
Q5,178.604858,-127.786,270.0,top
Q6,182.233429,-127.786,270.0,top
Q7,185.862,-127.786,270.0,top
Q8,189.490571,-127.786,270.0,top
Q9,119.352003,-62.472,270.0,top
R1,164.082287,-133.144,180.0,top
R10,122.980574,-67.83,180.0,top
R11,126.609145,-67.83,180.0,top
R12,130.237716,-67.83,180.0,top
R13,133.866287,-67.83,180.0,top
R14,137.494858,-67.83,180.0,top
R15,141.123429,-67.83,180.0,top
R16,144.752003,-67.83,180.0,top
R17,163.896003,-67.83,180.0,top
R18,167.524574,-67.83,180.0,top
R19,171.153145,-67.83,180.0,top
R2,167.712042,-133.144,180.0,top
R20,174.781716,-67.83,180.0,top
R21,178.410287,-67.83,180.0,top
R22,182.038858,-67.83,180.0,top
R23,185.667429,-67.83,180.0,top
R24,189.296003,-67.83,180.0,top
R25,128.225,-133.144,180.0,top
R26,116.272571,-133.144,180.0,top
R27,140.177429,-133.144,180.0,top
R28,152.129858,-133.144,180.0,top
R29,104.521,-133.223,180.0,top
R3,171.341797,-133.144,180.0,top
R4,174.971552,-133.144,180.0,top
R5,178.601307,-133.144,180.0,top
R6,182.231062,-133.144,180.0,top
R7,185.860817,-133.144,180.0,top
R8,189.490574,-133.144,180.0,top
R9,119.352003,-67.83,180.0,top
U1,125.882716,-77.47,90.0,top
U10,144.207,-90.17,90.0,top
U11,144.207,-102.87,90.0,top
U12,144.244144,-115.57,90.0,top
U13,153.369142,-77.47,90.0,top
U14,153.369142,-90.17,90.0,top
U15,153.369142,-102.87,90.0,top
U16,153.424858,-115.57,90.0,top
U17,162.531284,-77.47,90.0,top
U18,162.531284,-90.17,90.0,top
U19,162.531284,-102.87,90.0,top
U2,125.882716,-90.17,90.0,top
U20,162.605572,-115.57,90.0,top
U21,171.693426,-77.47,90.0,top
U22,171.693426,-90.17,90.0,top
U23,171.693426,-102.87,90.0,top
U24,171.786286,-115.57,90.0,top
U25,180.855568,-77.47,90.0,top
U26,180.855568,-90.17,90.0,top
U27,180.855568,-102.87,90.0,top
U28,180.967,-115.57,90.0,top
U29,190.017716,-77.47,90.0,top
U3,125.882716,-102.87,90.0,top
U30,190.017716,-90.17,90.0,top
U31,190.017716,-102.87,90.0,top
U32,190.147716,-115.57,90.0,top
U33,116.651,-90.17,90.0,top
U34,116.651,-115.57,90.0,top
U35,116.651,-102.87,90.0,top
U4,125.882716,-115.57,90.0,top
U5,135.044858,-77.47,90.0,top
U6,135.044858,-90.17,90.0,top
U7,135.044858,-102.87,90.0,top
U8,135.06343,-115.57,90.0,top
U9,144.207,-77.47,90.0,top
